train_acc,train_loss,val_acc,val_loss
0.00976842105263158,4.6092434,0.0104,4.6069994
0.009010526315789474,4.6066427,0.009600000000000001,4.606265
0.008968421052631579,4.6060305,0.0076,4.606489
