train_acc,train_loss,val_acc,val_loss
0.032336842105263164,4.390784,0.06440000000000001,4.1221623
0.07387368421052633,4.0450816,0.08719999999999999,3.9085727
0.09296842105263159,3.892281,0.1076,3.7910001
