train_acc,train_loss,val_acc,val_loss
0.031768421052631585,4.396848,0.0596,4.1230907
0.07206315789473686,4.044254,0.0888,3.9013598
0.09261052631578949,3.8968077,0.1088,3.8020906
