train_acc,train_loss,val_acc,val_loss
0.03833684210526316,4.3337364,0.04800000000000001,4.100215
0.06614736842105265,4.0230584,0.0756,3.897259
0.09602105263157898,3.809361,0.09200000000000001,3.8464365
