train_acc,train_loss,val_acc,val_loss
0.032189473684210525,4.395588,0.0644,4.1119967
0.07111578947368423,4.0549893,0.08760000000000001,3.9072037
0.09176842105263158,3.9002626,0.1092,3.79926
